City_ID,City,Country,Date,Lat,Lng,Max Temp,Humidity,Cloudiness,Wind Speed
0,Hilo,US,2021-09-21 16:08:48,19.7297,-155.09,75.27,84,74,3.4
1,Albany,US,2021-09-21 16:13:22,42.6001,-73.9662,72.03,68,100,1.01
2,Gat,IL,2021-09-21 16:13:22,31.61,34.7642,84.4,100,0,11.36
3,Belmopan,BZ,2021-09-21 16:08:41,17.25,-88.7667,87.3,79,100,5.23
4,Kajaani,FI,2021-09-21 16:13:22,64.2273,27.7285,39.11,76,24,5.79
5,Rikitea,PF,2021-09-21 16:13:23,-23.1203,-134.9692,73.67,71,0,14.76
6,Besancon,FR,2021-09-21 16:13:23,47.2488,6.0182,69.53,15,2,9.1
7,Muros,ES,2021-09-21 16:13:23,42.7762,-9.0603,78.24,54,1,14.27
8,Kaitangata,NZ,2021-09-21 16:13:24,-46.2817,169.8464,39.34,90,12,7.0
9,Port Elizabeth,ZA,2021-09-21 16:13:24,-33.918,25.5701,59.09,71,98,6.89
10,Batticaloa,LK,2021-09-21 16:13:24,7.7102,81.6924,83.91,74,40,4.27
11,Ambilobe,MG,2021-09-21 16:13:25,-13.2,49.05,75.4,64,0,4.83
12,Zlobin,HR,2021-09-21 16:13:25,45.2924,14.6541,60.39,55,1,10.71
13,Kodiak,US,2021-09-21 16:13:26,57.79,-152.4072,40.78,53,0,22.62
14,Mata Grande,BR,2021-09-21 16:13:26,-9.1175,-37.7322,89.71,27,58,5.5
15,Lorengau,PG,2021-09-21 16:13:26,-2.0226,147.2712,80.71,79,99,4.88
16,Wanning,CN,2021-09-21 16:13:27,18.8003,110.3967,80.42,86,51,3.27
17,Gebze,TR,2021-09-21 16:13:27,40.8028,29.4307,67.06,76,100,13.11
18,Qaanaaq,GL,2021-09-21 16:13:27,77.484,-69.3632,13.62,71,62,9.71
19,Ushuaia,AR,2021-09-21 16:13:28,-54.8,-68.3,49.66,76,75,14.97
20,Marovoay,MG,2021-09-21 16:13:28,-16.1,46.6333,83.07,44,53,5.86
21,New Norfolk,AU,2021-09-21 16:13:28,-42.7826,147.0587,53.1,71,100,1.99
22,Leshukonskoye,RU,2021-09-21 16:13:29,64.8989,45.7622,37.33,84,88,3.18
23,Norman Wells,CA,2021-09-21 16:13:29,65.282,-126.8329,42.71,83,100,9.44
24,Yarmouth,US,2021-09-21 16:13:29,41.7057,-70.2286,74.34,77,57,1.99
25,Luganville,VU,2021-09-21 16:11:07,-15.5333,167.1667,75.04,80,19,2.95
26,Tiksi,RU,2021-09-21 16:13:30,71.6872,128.8694,32.43,72,100,5.39
27,Cermik,TR,2021-09-21 16:13:30,38.1361,39.4493,79.68,24,1,3.71
28,Barrow,US,2021-09-21 16:11:07,71.2906,-156.7887,28.42,92,100,19.82
29,Tiznit,MA,2021-09-21 16:13:30,29.5833,-9.5,71.83,62,16,11.45
30,Atuona,PF,2021-09-21 16:13:31,-9.8,-139.0333,77.2,78,18,20.87
31,Mataura,NZ,2021-09-21 16:13:31,-46.1927,168.8643,45.48,98,35,2.08
32,Nago,JP,2021-09-21 16:13:31,26.5881,127.9761,79.81,82,0,4.59
33,Avarua,CK,2021-09-21 16:13:32,-21.2078,-159.775,75.29,75,100,2.57
34,Yellowknife,CA,2021-09-21 16:10:53,62.456,-114.3525,43.84,81,100,16.33
35,Norsup,VU,2021-09-21 16:13:32,-16.0667,167.3833,76.28,78,44,8.41
36,Pevek,RU,2021-09-21 16:13:33,69.7008,170.3133,26.2,90,98,5.37
37,Port Alfred,ZA,2021-09-21 16:13:33,-33.5906,26.891,60.22,66,98,7.25
38,Severo-Kurilsk,RU,2021-09-21 16:13:33,50.6789,156.125,48.58,86,56,15.14
39,Bom Jesus,BR,2021-09-21 16:13:34,-9.0744,-44.3586,103.48,14,54,7.61
40,Kloulklubed,PW,2021-09-21 16:13:34,7.0419,134.2556,82.85,76,84,6.89
41,Tessalit,ML,2021-09-21 16:13:34,20.1986,1.0114,105.46,5,1,6.71
42,Cape Town,ZA,2021-09-21 16:11:39,-33.9258,18.4232,64.11,69,1,5.99
43,Nanortalik,GL,2021-09-21 16:13:35,60.1432,-45.2371,37.71,71,96,20.33
44,Bluff,NZ,2021-09-21 16:13:35,-46.6,168.3333,44.8,76,40,15.79
45,Kieta,PG,2021-09-21 16:13:35,-6.2167,155.6333,77.52,85,100,4.16
46,Vaini,TO,2021-09-21 16:13:36,-21.2,-175.2,72.59,72,56,17.52
47,Redcar,GB,2021-09-21 16:13:36,54.6166,-1.06,72.21,34,95,9.44
48,Nantucket,US,2021-09-21 16:13:36,41.2835,-70.0995,74.08,85,94,8.68
49,Bengkulu,ID,2021-09-21 16:13:37,-3.8004,102.2655,76.3,89,97,4.25
50,Portland,US,2021-09-21 16:13:19,45.5234,-122.6762,65.77,75,0,1.01
51,Longyearbyen,SJ,2021-09-21 16:13:37,78.2186,15.6401,40.84,100,75,4.61
52,Hasaki,JP,2021-09-21 16:13:37,35.7333,140.8333,73.44,87,72,2.59
53,Yar-Sale,RU,2021-09-21 16:13:38,66.8333,70.8333,36.52,82,100,11.07
54,Saskylakh,RU,2021-09-21 16:13:38,71.9167,114.0833,33.44,92,100,6.08
55,Victoria,HK,2021-09-21 16:09:04,22.2855,114.1577,85.32,84,51,7.25
56,Esperance,AU,2021-09-21 16:13:39,-33.8667,121.9,56.52,41,0,16.31
57,Jamestown,US,2021-09-21 16:13:39,42.097,-79.2353,72.3,70,100,8.01
58,Geraldton,AU,2021-09-21 16:13:39,-28.7667,114.6,66.72,32,0,8.84
59,Sibolga,ID,2021-09-21 16:13:40,1.7427,98.7792,76.35,86,19,2.82
60,Castro,BR,2021-09-21 16:13:40,-24.7911,-50.0119,89.44,26,2,6.35
61,Coihaique,CL,2021-09-21 16:13:40,-45.5752,-72.0662,48.31,76,0,8.05
62,Narsaq,GL,2021-09-21 16:13:41,60.9167,-46.05,39.52,37,99,3.44
63,Arraial Do Cabo,BR,2021-09-21 16:13:41,-22.9661,-42.0278,75.78,74,0,1.86
64,Slave Lake,CA,2021-09-21 16:13:41,55.2834,-114.769,57.18,55,100,4.43
65,Georgetown,MY,2021-09-21 16:11:01,5.4112,100.3354,80.89,84,98,5.64
66,Hobart,AU,2021-09-21 16:13:42,-42.8794,147.3294,53.46,76,98,5.01
67,Xambioa,BR,2021-09-21 16:13:42,-6.4111,-48.5364,104.34,21,38,4.81
68,Kapaa,US,2021-09-21 16:13:42,22.0752,-159.319,71.47,98,16,13.38
69,Myitkyina,MM,2021-09-21 16:13:43,25.3833,97.4,74.14,98,100,0.72
70,Butaritari,KI,2021-09-21 16:13:43,3.0707,172.7902,82.62,70,92,16.75
71,Port Hardy,CA,2021-09-21 16:13:43,50.6996,-127.4199,53.96,92,100,11.3
72,Isangel,VU,2021-09-21 16:13:44,-19.55,169.2667,71.06,79,33,4.72
73,Brylivka,UA,2021-09-21 16:13:44,46.4248,33.1472,54.68,46,97,13.78
74,Ananas,HT,2021-09-21 16:13:44,19.2466,-71.9557,88.14,48,9,7.36
75,Waingapu,ID,2021-09-21 16:13:45,-9.6567,120.2641,78.55,79,95,9.1
76,Asau,RO,2021-09-21 16:13:45,46.4333,26.4,55.76,62,50,3.83
77,Sao Miguel,BR,2021-09-21 16:13:45,-5.4667,-35.3667,86.65,51,52,16.55
78,Kishanpur,IN,2021-09-21 16:13:46,25.65,81.0167,84.67,72,70,6.8
79,Yuli,NG,2021-09-21 16:13:46,9.6989,10.2744,84.92,67,40,7.83
80,Angoche,MZ,2021-09-21 16:13:46,-16.2325,39.9086,75.9,73,3,13.13
81,Verkhnevilyuysk,RU,2021-09-21 16:13:47,63.4453,120.3167,37.04,84,97,6.55
82,Puerto Maldonado,PE,2021-09-21 16:13:47,-12.6,-69.1833,90.0,58,0,5.75
83,Punta Arenas,CL,2021-09-21 16:12:04,-53.15,-70.9167,57.31,58,0,20.71
84,Batken,KG,2021-09-21 16:13:47,39.8333,71.0,53.98,32,0,1.32
85,Dunedin,NZ,2021-09-21 16:13:48,-45.8742,170.5036,44.8,71,8,1.99
86,Dholka,IN,2021-09-21 16:13:48,22.7167,72.4667,81.75,82,77,8.5
87,Khanpur,PK,2021-09-21 16:13:48,28.6453,70.6567,93.9,40,64,12.01
88,Maltahohe,NA,2021-09-21 16:13:49,-24.8333,16.9833,78.64,9,0,8.21
89,Bredasdorp,ZA,2021-09-21 16:13:49,-34.5322,20.0403,60.28,66,34,9.4
90,Nikolskoye,RU,2021-09-21 16:13:50,59.7035,30.7861,47.01,80,100,7.9
91,Lamu,KE,2021-09-21 16:13:50,-2.2717,40.902,76.53,83,20,11.56
92,Hami,CN,2021-09-21 16:13:50,42.8,93.45,72.57,25,22,5.86
93,Verkhoshizhemye,RU,2021-09-21 16:13:51,58.011,49.1038,39.94,78,100,6.69
94,Nome,US,2021-09-21 16:12:51,64.5011,-165.4064,29.05,78,100,5.32
95,Itoman,JP,2021-09-21 16:13:52,26.1247,127.6694,81.39,77,0,6.82
96,Gorontalo,ID,2021-09-21 16:13:52,0.5412,123.0595,74.77,98,100,2.21
97,Vila Velha,BR,2021-09-21 16:08:56,-20.3297,-40.2925,85.46,60,0,11.7
98,Flinders,AU,2021-09-21 16:13:52,-34.5833,150.8552,50.81,72,28,10.56
99,Hermanus,ZA,2021-09-21 16:13:53,-34.4187,19.2345,60.8,65,48,15.39
100,Grindavik,IS,2021-09-21 16:13:53,63.8424,-22.4338,43.68,78,100,39.19
101,Bambous Virieux,MU,2021-09-21 16:13:53,-20.3428,57.7575,70.21,68,38,14.14
102,Sitka,US,2021-09-21 16:13:54,57.0531,-135.33,52.48,95,100,5.99
103,Necochea,AR,2021-09-21 16:13:54,-38.5473,-58.7368,60.04,50,0,5.1
104,Tuktoyaktuk,CA,2021-09-21 16:13:54,69.4541,-133.0374,34.99,73,100,21.85
105,Provideniya,RU,2021-09-21 16:13:55,64.3833,-173.3,33.46,88,100,12.01
106,Leland,US,2021-09-21 16:13:55,34.2563,-78.0447,82.04,89,91,10.89
107,Mar Del Plata,AR,2021-09-21 16:13:55,-38.0023,-57.5575,55.06,55,0,8.43
108,Gao,ML,2021-09-21 16:13:56,16.6362,1.637,103.98,13,37,3.27
109,Kurilsk,RU,2021-09-21 16:12:18,45.2333,147.8833,56.48,95,92,9.1
110,Scarborough,GB,2021-09-21 16:12:18,54.2797,-0.4044,71.78,53,79,1.99
111,Dikson,RU,2021-09-21 16:13:56,73.5069,80.5464,33.76,75,93,3.78
112,Paita,PE,2021-09-21 16:13:57,-5.0892,-81.1144,75.76,70,36,13.44
113,Inirida,CO,2021-09-21 16:13:57,3.8653,-67.9239,76.33,93,100,2.84
114,Fukue,JP,2021-09-21 16:13:58,32.6881,128.8419,76.23,79,73,11.12
115,Mangan,IN,2021-09-21 16:13:58,27.5167,88.5333,73.2,86,67,3.18
116,Cherskiy,RU,2021-09-21 16:13:58,68.75,161.3,25.79,74,82,3.53
117,Constitucion,CL,2021-09-21 16:13:47,-35.3333,-72.4167,58.89,61,0,9.95
118,Bandarbeyla,SO,2021-09-21 16:13:59,9.4942,50.8122,77.52,81,99,28.68
119,Tautira,PF,2021-09-21 16:13:59,-17.7333,-149.15,71.62,75,17,10.45
120,Formiga,BR,2021-09-21 16:13:59,-20.4644,-45.4264,96.93,18,67,4.21
121,Santo Domingo,DO,2021-09-21 16:10:00,18.5001,-69.9886,90.03,68,60,5.01
122,Lompoc,US,2021-09-21 16:09:58,34.6391,-120.4579,73.0,64,0,3.11
123,Verkh-Usugli,RU,2021-09-21 16:12:12,52.7,115.1667,48.85,89,98,1.66
124,Ciudad Bolivar,VE,2021-09-21 16:14:00,8.1222,-63.5497,89.13,56,95,8.21
125,Airai,TL,2021-09-21 16:14:00,-8.9266,125.4092,59.86,80,98,3.27
126,Port-Gentil,GA,2021-09-21 16:14:01,-0.7193,8.7815,77.31,83,99,17.92
127,Naryan-Mar,RU,2021-09-21 16:14:01,67.6713,53.087,39.4,84,82,8.41
128,Kununurra,AU,2021-09-21 16:14:02,-15.7667,128.7333,85.98,19,100,13.8
129,Innisfail,AU,2021-09-21 16:14:02,-17.5333,146.0333,65.48,45,28,8.12
130,Berlevag,NO,2021-09-21 16:14:02,70.8578,29.0864,43.63,67,2,27.69
131,Newport,GB,2021-09-21 16:14:03,51.5877,-2.9984,72.12,67,100,6.35
132,Chokurdakh,RU,2021-09-21 16:14:03,70.6333,147.9167,29.95,62,100,8.05
133,Busselton,AU,2021-09-21 16:14:04,-33.65,115.3333,52.09,71,0,4.54
134,Anadyr,RU,2021-09-21 16:14:04,64.75,177.4833,34.63,99,100,2.37
135,Puerto Ayora,EC,2021-09-21 16:14:04,-0.7393,-90.3518,73.54,78,86,8.01
136,Turukhansk,RU,2021-09-21 16:14:05,65.8167,87.9833,38.86,83,100,7.67
137,Aksu,CN,2021-09-21 16:14:05,41.1231,80.2644,75.79,20,0,3.33
138,Amsterdam,NL,2021-09-21 16:14:05,52.374,4.8897,66.88,71,98,1.99
139,Hambantota,LK,2021-09-21 16:14:06,6.1241,81.1185,80.82,80,12,15.88
140,Baykit,RU,2021-09-21 16:14:06,61.67,96.37,37.6,99,100,3.09
141,Sobolevo,RU,2021-09-21 16:14:06,54.4299,31.8996,41.67,98,100,10.4
142,Soyo,AO,2021-09-21 16:14:07,-6.1349,12.3689,77.31,79,25,10.36
143,Bethel,US,2021-09-21 16:14:07,41.3712,-73.414,73.11,73,28,1.01
144,Green Valley,US,2021-09-21 16:14:07,31.8543,-110.9937,86.63,31,0,1.74
145,Payakumbuh,ID,2021-09-21 16:14:08,-0.2202,100.6308,70.57,97,100,3.13
146,Havre-Saint-Pierre,CA,2021-09-21 16:14:08,50.2334,-63.5986,57.52,73,52,11.21
147,Severnyy-Kospashskiy,RU,2021-09-21 16:14:08,59.0925,57.8008,34.61,73,94,4.12
148,Saint-Philippe,RE,2021-09-21 16:14:09,-21.3585,55.7679,67.21,72,40,10.63
149,Koungou,YT,2021-09-21 16:14:09,-12.7336,45.2042,77.54,75,78,1.83
150,Matara,LK,2021-09-21 16:14:09,5.9485,80.5353,78.33,88,9,7.94
151,Upernavik,GL,2021-09-21 16:14:10,72.7868,-56.1549,23.68,54,13,5.3
152,Laguna,US,2021-09-21 16:10:35,38.421,-121.4238,81.09,52,0,1.01
153,Ostrovskoye,RU,2021-09-21 16:14:10,57.8057,42.2433,45.95,59,100,11.39
154,Mountain Home,US,2021-09-21 16:14:10,43.133,-115.6912,55.94,35,0,8.32
155,Bathsheba,BB,2021-09-21 16:14:11,13.2167,-59.5167,86.09,63,34,13.51
156,Cabo San Lucas,MX,2021-09-21 16:12:16,22.8909,-109.9124,85.6,81,94,1.01
157,Avera,US,2021-09-21 16:14:11,33.194,-82.5271,79.75,87,98,4.59
158,Aksay,RU,2021-09-21 16:14:12,47.26,39.87,58.08,74,95,7.29
159,Kristiinankaupunki,FI,2021-09-21 16:14:12,62.2743,21.376,44.8,70,100,3.13
160,Broome,US,2021-09-21 16:14:12,42.2506,-75.833,71.82,63,85,3.0
161,Aitape,PG,2021-09-21 16:14:13,-3.1374,142.3475,78.19,88,100,4.63
162,Udachnyy,RU,2021-09-21 16:14:13,66.4167,112.4,39.83,65,100,7.81
163,Mayumba,GA,2021-09-21 16:14:13,-3.432,10.6554,76.57,82,100,7.65
164,Coos Bay,US,2021-09-21 16:14:14,43.3665,-124.2179,63.99,73,8,3.33
165,Torbay,CA,2021-09-21 16:14:14,47.6666,-52.7314,62.89,53,75,7.76
166,Kedgwick,CA,2021-09-21 16:14:14,47.6446,-67.3434,65.93,54,82,10.74
167,Pacific Grove,US,2021-09-21 16:14:15,36.6177,-121.9166,76.57,60,0,1.01
168,Talnakh,RU,2021-09-21 16:14:15,69.4865,88.3972,30.54,87,17,1.7
169,Cayenne,GF,2021-09-21 16:14:15,4.9333,-52.3333,91.44,74,40,5.01
170,Piotrkow Trybunalski,PL,2021-09-21 16:14:16,51.4055,19.7032,54.1,66,100,10.29
171,Hobyo,SO,2021-09-21 16:14:16,5.3505,48.5268,78.42,75,99,24.7
172,Ponta Do Sol,PT,2021-09-21 16:14:16,32.6667,-17.1,79.12,48,72,1.52
173,Nova Olimpia,BR,2021-09-21 16:14:17,-14.7972,-57.2881,106.61,10,9,5.41
174,Tasiilaq,GL,2021-09-21 16:14:17,65.6145,-37.6368,30.67,56,100,4.97
175,Katobu,ID,2021-09-21 16:14:17,-4.9408,122.5276,73.17,93,100,3.65
176,Yeniseysk,RU,2021-09-21 16:14:18,58.4497,92.1703,37.15,97,100,8.48
177,Ribeira Grande,PT,2021-09-21 16:14:18,38.5167,-28.7,71.51,79,14,18.43
178,Kon Tum,VN,2021-09-21 16:14:18,14.35,108.0,69.49,98,79,1.74
179,Taksimo,RU,2021-09-21 16:14:19,56.3444,114.8794,51.3,93,98,1.7
180,Cidreira,BR,2021-09-21 16:14:19,-30.1811,-50.2056,62.22,74,100,18.9
181,Warstein,DE,2021-09-21 16:14:20,51.45,8.3667,60.46,68,100,4.14
182,Mehamn,NO,2021-09-21 16:14:20,71.0357,27.8492,43.86,64,21,20.33
183,Buraydah,SA,2021-09-21 16:12:15,26.326,43.975,89.49,11,0,11.25
184,Lavrentiya,RU,2021-09-21 16:14:20,65.5833,-171.0,31.17,66,92,6.8
185,Lengshuijiang,CN,2021-09-21 16:14:21,27.6881,111.4294,74.7,69,0,0.51
186,Macas,EC,2021-09-21 16:14:21,-2.3167,-78.1167,74.7,87,87,2.15
187,Leh,IN,2021-09-21 16:14:22,34.1667,77.5833,57.25,53,86,4.5
188,Vardo,NO,2021-09-21 16:14:22,70.3705,31.1107,44.01,65,8,25.26
189,Noumea,NC,2021-09-21 16:14:22,-22.2763,166.4572,64.38,76,8,4.81
190,Kudahuvadhoo,MV,2021-09-21 16:14:22,2.6708,72.8944,83.61,74,11,14.65
191,Oran,DZ,2021-09-21 16:14:23,35.6911,-0.6417,76.78,73,61,20.42
192,Los Llanos De Aridane,ES,2021-09-21 16:14:23,28.6585,-17.9182,71.13,78,13,8.66
193,Marco,US,2021-09-21 16:13:00,25.9726,-81.729,89.06,74,61,3.0
194,Caravelas,BR,2021-09-21 16:14:24,-17.7125,-39.2481,84.87,57,4,13.27
195,Campo Maior,BR,2021-09-21 16:14:24,-4.8278,-42.1686,103.17,22,16,3.85
196,Margate,GB,2021-09-21 16:14:24,51.3813,1.3862,68.86,53,33,7.43
197,San Luis,AR,2021-09-21 16:14:25,-33.295,-66.3356,66.47,36,8,7.27
198,Leningradskiy,RU,2021-09-21 16:14:25,69.3833,178.4167,22.82,91,100,13.31
199,Ancud,CL,2021-09-21 16:14:25,-41.8697,-73.8203,56.73,61,0,1.86
200,Ahipara,NZ,2021-09-21 16:14:26,-35.1667,173.1667,58.14,90,100,11.86
201,Puri,IN,2021-09-21 16:14:26,19.8,85.85,82.06,80,100,9.08
202,Nuuk,GL,2021-09-21 16:10:51,64.1835,-51.7216,34.23,57,100,3.24
203,Luderitz,NA,2021-09-21 16:14:27,-26.6481,15.1594,70.9,43,3,13.62
204,Mpulungu,ZM,2021-09-21 16:14:27,-8.7623,31.1141,82.56,42,45,1.57
205,Were Ilu,ET,2021-09-21 16:14:27,10.6,39.4333,55.15,63,9,6.98
206,Iralaya,HN,2021-09-21 16:14:28,15.0,-83.2333,83.25,76,12,8.25
207,Preobrazheniye,RU,2021-09-21 16:14:28,42.9019,133.9064,63.0,95,96,8.72
208,Jiaozuo,CN,2021-09-21 16:14:28,35.2397,113.2331,74.41,43,0,4.68
209,Khatanga,RU,2021-09-21 16:14:29,71.9667,102.5,30.79,94,100,9.46
210,Flin Flon,CA,2021-09-21 16:11:03,54.7682,-101.865,49.55,54,56,3.06
211,Ostashkov,RU,2021-09-21 16:14:29,57.1467,33.1075,36.91,98,100,7.94
212,Lagoa,PT,2021-09-21 16:14:30,39.05,-27.9833,70.48,77,23,18.16
213,Fairbanks,US,2021-09-21 16:14:30,64.8378,-147.7164,32.59,75,90,1.14
214,Izmit,TR,2021-09-21 16:14:30,40.7669,29.9169,68.27,86,100,6.62
215,Saint Anthony,US,2021-09-21 16:10:22,45.0205,-93.218,64.92,68,5,1.99
216,Shahr-E Babak,IR,2021-09-21 16:14:31,30.1165,55.1186,80.65,16,63,6.08
217,Paamiut,GL,2021-09-21 16:14:31,61.994,-49.6678,34.05,51,100,4.92
218,Valdivia,CL,2021-09-21 16:14:32,-39.8142,-73.2459,59.09,46,17,4.29
219,Thanh Hoa,VN,2021-09-21 16:14:32,19.8,105.7667,77.32,86,10,2.77
220,Point Pedro,LK,2021-09-21 16:14:32,9.8167,80.2333,81.68,83,3,16.51
221,Along,IN,2021-09-21 16:14:33,28.1667,94.7667,72.16,97,14,1.99
222,Lebu,CL,2021-09-21 16:14:33,-37.6167,-73.65,56.68,58,0,8.7
223,Sakata,JP,2021-09-21 16:14:33,38.9167,139.855,66.22,85,1,12.84
224,Brae,GB,2021-09-21 16:14:34,60.3964,-1.353,56.08,86,100,27.94
225,Ulladulla,AU,2021-09-21 16:14:34,-35.35,150.4667,46.87,66,46,6.4
226,Kalangala,UG,2021-09-21 16:14:34,-0.3089,32.225,74.84,72,1,6.64
227,Aksarka,RU,2021-09-21 16:14:35,66.5606,67.7975,37.85,87,100,10.78
228,Husavik,IS,2021-09-21 16:14:35,66.0449,-17.3389,41.95,91,91,3.13
229,Varangaon,IN,2021-09-21 16:14:35,21.0167,75.9,77.32,89,89,8.97
230,Doha,QA,2021-09-21 16:10:44,25.2867,51.5333,94.98,36,0,11.5
231,Olafsvik,IS,2021-09-21 16:14:36,64.8945,-23.7142,40.28,91,100,38.9
232,Mamallapuram,IN,2021-09-21 16:14:36,12.6264,80.1722,86.05,71,86,9.17
233,Te Anau,NZ,2021-09-21 16:14:36,-45.4167,167.7167,37.8,94,61,2.48
234,Kodarma,IN,2021-09-21 16:14:37,24.4667,85.6,73.02,94,7,8.52
235,Luwuk,ID,2021-09-21 16:14:37,-0.9516,122.7875,73.06,88,100,4.5
236,Paducah,US,2021-09-21 16:14:37,37.0834,-88.6001,77.7,91,81,8.16
237,Srednekolymsk,RU,2021-09-21 16:14:38,67.45,153.6833,27.05,68,61,5.21
238,Sangar,RU,2021-09-21 16:14:38,63.9242,127.4739,36.28,85,88,6.46
239,Taos,US,2021-09-21 16:14:38,36.4072,-105.5731,59.72,44,2,3.0
240,Vila,PT,2021-09-21 16:13:39,42.0304,-8.1588,67.33,50,1,5.46
241,Baruun-Urt,MN,2021-09-21 16:14:39,46.6806,113.2792,53.46,75,0,4.34
242,Dalen,NL,2021-09-21 16:14:39,52.6992,6.7556,65.05,76,100,8.01
243,Inuvik,CA,2021-09-21 16:14:39,68.3499,-133.7218,33.53,81,100,18.92
244,Zhigansk,RU,2021-09-21 16:12:12,66.7697,123.3711,36.39,86,100,9.42
245,Aktau,KZ,2021-09-21 16:14:40,43.65,51.2,76.3,30,34,12.03
246,Churapcha,RU,2021-09-21 16:14:40,62.0025,132.4325,34.11,86,5,3.0
247,Kuusamo,FI,2021-09-21 16:14:41,65.9667,29.1833,34.41,81,90,4.29
248,Saint-Pierre,RE,2021-09-21 16:14:41,-21.3393,55.4781,67.28,65,2,10.09
249,Krasnovishersk,RU,2021-09-21 16:14:41,60.4078,57.082,36.21,88,71,3.71
250,Ixtapa,MX,2021-09-21 16:14:42,20.7,-105.2,82.22,80,24,3.0
251,Mogadishu,SO,2021-09-21 16:14:42,2.0371,45.3438,77.5,80,56,14.38
252,Kirkwall,GB,2021-09-21 16:14:42,58.9848,-2.9587,61.97,78,100,28.68
253,Neiafu,TO,2021-09-21 16:14:42,-18.65,-173.9833,76.39,77,15,17.16
254,Bend,US,2021-09-21 16:13:01,44.0582,-121.3153,63.09,44,0,5.21
255,Road Town,VG,2021-09-21 16:14:43,18.4167,-64.6167,87.01,77,33,17.11
256,Rabaul,PG,2021-09-21 16:14:43,-4.1967,152.1721,78.08,82,100,7.47
257,Tuatapere,NZ,2021-09-21 16:14:44,-46.1333,167.6833,45.82,90,72,3.8
258,Valparaiso,CL,2021-09-21 16:14:44,-33.0393,-71.6273,54.52,100,90,13.8
259,La Ronge,CA,2021-09-21 16:14:44,55.1001,-105.2842,50.4,66,69,7.27
260,Hualmay,PE,2021-09-21 16:14:45,-11.0964,-77.6139,67.35,69,29,10.38
261,Tayshet,RU,2021-09-21 16:14:45,55.9342,98.0044,37.33,86,99,5.97
262,Lesozavodsk,RU,2021-09-21 16:14:45,45.4794,133.4244,57.0,95,94,1.54
263,Shirokiy,RU,2021-09-21 16:14:46,49.758,129.523,50.23,81,100,7.25
264,Marrakesh,MA,2021-09-21 16:14:46,31.6315,-8.0083,86.99,23,0,8.37
265,Cap Malheureux,MU,2021-09-21 16:14:46,-19.9842,57.6142,70.47,65,9,8.01
266,Athabasca,CA,2021-09-21 16:14:47,54.7169,-113.2854,54.86,43,100,12.53
267,Kaeo,NZ,2021-09-21 16:14:47,-35.1,173.7833,59.32,91,100,11.7
268,Caxias,PT,2021-09-21 16:14:47,38.7031,-9.2767,81.14,44,0,11.61
269,Alekseyevsk,RU,2021-09-21 16:14:48,57.8406,108.3492,39.58,94,100,3.15
270,Fonte Boa,BR,2021-09-21 16:14:48,-2.4959,-66.2662,95.58,42,85,3.29
271,Port Blair,IN,2021-09-21 16:14:48,11.6667,92.75,80.06,80,99,13.47
272,Stepnyak,KZ,2021-09-21 16:14:49,52.8339,70.7803,35.69,82,54,7.27
273,Barranca,PE,2021-09-21 16:14:49,-10.75,-77.7667,65.95,71,60,10.63
274,Iskateley,RU,2021-09-21 16:14:49,67.6803,53.1512,39.54,83,86,8.34
275,Trelew,AR,2021-09-21 16:13:05,-43.249,-65.3051,73.17,15,0,18.14
276,West Wendover,US,2021-09-21 16:14:50,40.7391,-114.0733,57.07,33,0,2.13
277,Vestmannaeyjar,IS,2021-09-21 16:14:50,63.4427,-20.2734,44.91,79,100,50.6
278,Hithadhoo,MV,2021-09-21 16:14:50,-0.6,73.0833,84.07,74,75,16.55
279,Mount Gambier,AU,2021-09-21 16:14:51,-37.8333,140.7667,50.2,93,96,7.87
280,Plettenberg Bay,ZA,2021-09-21 16:14:51,-34.0527,23.3716,56.55,69,72,6.33
281,Ingham,US,2021-09-21 16:14:51,42.6,-84.3833,71.69,90,99,13.62
282,Beringovskiy,RU,2021-09-21 16:14:52,63.05,179.3167,38.95,92,100,9.19
283,Shimoda,JP,2021-09-21 16:14:52,34.6667,138.95,73.85,81,77,7.72
284,Kabanjahe,ID,2021-09-21 16:14:52,3.1001,98.4908,63.16,96,57,3.85
285,Kavaratti,IN,2021-09-21 16:14:53,10.5669,72.642,81.97,79,12,15.28
286,San Fernando,PH,2021-09-21 16:14:53,15.0286,120.6898,81.14,88,97,2.48
287,Abnub,EG,2021-09-21 16:14:53,27.2696,31.1511,97.07,13,0,15.9
288,Sinnamary,GF,2021-09-21 16:14:54,5.3833,-52.95,87.22,61,19,9.08
289,Soma,TR,2021-09-21 16:14:54,39.1855,27.6094,68.99,62,27,11.32
290,Daule,EC,2021-09-21 16:14:54,-1.865,-79.9792,84.94,54,92,3.38
291,Zaozerne,UA,2021-09-21 16:14:55,45.1582,33.2787,58.95,64,71,17.72
292,Copiapo,CL,2021-09-21 16:14:55,-27.3667,-70.3333,55.09,45,97,6.04
293,Pueblo,US,2021-09-21 16:12:29,38.2545,-104.6091,59.68,57,88,3.0
294,Lagunas,PE,2021-09-21 16:14:55,-5.2269,-75.6753,95.9,43,57,0.87
295,Ugoofaaru,MV,2021-09-21 16:14:56,5.6667,73.0,83.3,76,84,16.69
296,Lannion,FR,2021-09-21 16:14:56,48.75,-3.4167,65.41,63,24,10.18
297,Boende,CD,2021-09-21 16:14:57,-0.2167,20.8667,83.98,63,59,2.19
298,West Bay,KY,2021-09-21 16:14:57,19.3667,-81.4167,89.08,73,8,3.0
299,Carlisle,US,2021-09-21 16:14:57,40.2015,-77.1889,72.91,74,100,3.0
300,Ponta Delgada,PT,2021-09-21 16:14:58,37.7333,-25.6667,73.89,63,10,8.95
301,Ola,RU,2021-09-21 16:14:58,59.5833,151.2833,42.78,77,100,12.08
302,Camacari,BR,2021-09-21 16:14:58,-12.6975,-38.3242,86.36,51,42,8.93
303,San Quintin,MX,2021-09-21 16:14:59,30.4833,-115.95,76.03,62,0,5.73
304,Funadhoo,MV,2021-09-21 16:14:59,6.15,73.2667,83.43,76,62,17.56
305,Challans,FR,2021-09-21 16:14:59,46.8436,-1.8749,72.27,34,1,13.47
306,Gimli,CA,2021-09-21 16:15:00,50.6336,-96.9907,59.43,50,12,6.85
307,Labrea,BR,2021-09-21 16:15:00,-7.2586,-64.7981,100.94,33,38,2.35
308,Kosh-Agach,RU,2021-09-21 16:15:00,50.0,88.6667,30.4,54,33,6.6
309,Arlit,NE,2021-09-21 16:15:01,18.7369,7.3853,103.8,7,2,3.49
310,Lujan,AR,2021-09-21 16:11:23,-34.5703,-59.105,64.98,45,0,7.0
311,Dingle,PH,2021-09-21 16:15:01,10.9995,122.6711,75.63,90,100,2.55
312,Benguela,AO,2021-09-21 16:15:10,-12.5763,13.4055,72.73,79,61,8.08
313,Ballina,AU,2021-09-21 16:15:10,-28.8667,153.5667,49.95,55,76,20.33
314,Mantua,IT,2021-09-21 16:15:11,45.1667,10.7833,74.08,62,50,1.99
315,Japura,ID,2021-09-21 16:15:11,-0.3167,102.35,75.09,96,88,2.28
316,Khasan,RU,2021-09-21 16:15:11,42.4308,130.6434,65.34,96,28,4.72
317,Karachi,PK,2021-09-21 16:11:53,24.9056,67.0822,81.86,81,25,15.66
318,Souillac,MU,2021-09-21 16:15:12,-20.5167,57.5167,70.36,69,10,12.59
319,Mollendo,PE,2021-09-21 16:15:12,-17.0231,-72.0147,63.75,77,100,9.19
320,Haines Junction,CA,2021-09-21 16:15:12,60.7522,-137.5108,40.32,96,100,3.06
321,Yenagoa,NG,2021-09-21 16:15:13,4.9247,6.2642,74.07,94,100,4.0
322,Mahebourg,MU,2021-09-21 16:15:13,-20.4081,57.7,70.25,68,23,14.03
323,Sao Filipe,CV,2021-09-21 16:15:13,14.8961,-24.4956,81.55,75,44,11.32
324,Touros,BR,2021-09-21 16:15:14,-5.1989,-35.4608,85.98,55,54,15.21
325,Boa Vista,BR,2021-09-21 16:15:14,2.8197,-60.6733,90.1,54,78,5.23
326,Pyay,MM,2021-09-21 16:15:14,18.8167,95.2167,77.49,91,89,2.71
327,Grand Gaube,MU,2021-09-21 16:15:15,-20.0064,57.6608,70.38,65,9,8.01
328,Pak Phanang,TH,2021-09-21 16:15:15,8.3511,100.202,79.2,79,96,8.05
329,Domoni,KM,2021-09-21 16:15:15,-12.2569,44.5319,77.94,75,80,3.11
330,Atoka,US,2021-09-21 16:15:16,34.4001,-96.0169,76.03,43,65,17.87
331,Betafo,MG,2021-09-21 16:15:16,-19.8333,46.85,66.22,63,86,5.28
332,Saldanha,ZA,2021-09-21 16:15:16,-33.0117,17.9442,64.45,70,0,13.71
333,Carnarvon,AU,2021-09-21 16:15:17,-24.8667,113.6333,64.47,77,0,8.05
334,Krosno,PL,2021-09-21 16:15:17,49.6887,21.7706,50.95,71,37,8.25
335,Sungaipenuh,ID,2021-09-21 16:15:17,-2.0833,101.3833,65.43,93,99,2.04
336,Codrington,AU,2021-09-21 16:15:18,-38.2667,141.9667,51.26,91,96,11.45
337,Porto Novo,BJ,2021-09-21 16:14:36,6.4965,2.6036,83.05,72,64,11.34
338,Auki,SB,2021-09-21 16:15:17,-8.7676,160.7034,76.35,90,71,2.77
339,Kruisfontein,ZA,2021-09-21 16:15:18,-34.0033,24.7314,56.88,71,74,6.44
340,Zhezkazgan,KZ,2021-09-21 16:15:19,47.8043,67.7144,49.32,37,60,13.35
341,Ilo,PE,2021-09-21 16:15:19,-17.6394,-71.3375,63.46,77,75,12.66
342,Villamontes,BO,2021-09-21 16:15:19,-21.25,-63.5,70.84,57,100,9.26
343,Ilebo,CD,2021-09-21 16:15:20,-4.3167,20.5833,90.39,35,82,2.77
344,Qasigiannguit,GL,2021-09-21 16:15:20,68.8193,-51.1922,28.67,87,90,0.51
345,Alampur,IN,2021-09-21 16:15:20,15.8833,78.15,79.5,76,98,4.97
346,Nara,JP,2021-09-21 16:11:11,34.6851,135.8049,71.13,88,69,5.19
347,Havoysund,NO,2021-09-21 16:15:21,70.9963,24.6622,45.34,65,29,25.01
348,Bonito Oriental,HN,2021-09-21 16:15:21,15.7477,-85.7356,93.79,42,13,2.73
349,Sisimiut,GL,2021-09-21 16:15:21,66.9395,-53.6735,35.29,66,83,10.0
350,Chuy,UY,2021-09-21 16:12:26,-33.6971,-53.4616,58.19,64,2,16.02
351,Corrooy,PH,2021-09-21 16:15:22,16.7962,120.4453,78.22,86,49,4.09
352,Qui Nhon,VN,2021-09-21 16:15:22,13.7667,109.2333,78.85,85,56,3.6
353,Prince Rupert,CA,2021-09-21 16:15:22,54.3161,-130.3201,55.09,88,100,19.57
354,Iqaluit,CA,2021-09-21 16:15:23,63.7506,-68.5145,35.33,80,90,12.66
355,Karlskoga,SE,2021-09-21 16:15:23,59.3267,14.5239,49.06,97,100,4.5
356,Hohhot,CN,2021-09-21 16:15:23,40.8106,111.6522,61.07,47,0,3.8
357,Camopi,GF,2021-09-21 16:15:24,3.1655,-52.3158,92.21,47,91,5.93
358,Atambua,ID,2021-09-21 16:15:24,-9.1061,124.8925,72.72,85,98,5.7
359,Westport,US,2021-09-21 16:15:24,41.1415,-73.3579,76.08,76,52,1.99
360,Pisco,PE,2021-09-21 16:15:25,-13.7,-76.2167,66.25,72,0,8.05
361,Santa Lucia,ES,2021-09-21 16:15:25,27.9117,-15.5407,70.92,59,20,26.46
362,Meulaboh,ID,2021-09-21 16:15:25,4.1363,96.1285,77.43,84,100,2.28
363,Teluknaga,ID,2021-09-21 16:15:26,-6.0989,106.6381,82.09,71,81,5.73
364,Morondava,MG,2021-09-21 16:15:26,-20.2833,44.2833,76.84,79,82,15.05
365,Xuddur,SO,2021-09-21 16:15:26,4.1213,43.8894,85.78,34,91,12.33
366,Letlhakane,BW,2021-09-21 16:15:27,-21.4167,25.5833,88.54,14,19,4.21
367,Jalu,LY,2021-09-21 16:15:27,29.0331,21.5482,98.74,12,0,8.61
368,Katsuura,JP,2021-09-21 16:15:27,35.1333,140.3,74.19,89,97,3.74
369,Price,US,2021-09-21 16:15:28,39.5994,-110.8107,55.11,27,3,2.82
370,Omsukchan,RU,2021-09-21 16:15:28,62.5333,155.8,34.57,98,100,8.14
371,Peterhead,GB,2021-09-21 16:15:28,57.5058,-1.7981,67.12,69,100,7.54
372,Aykhal,RU,2021-09-21 16:15:29,66.0,111.5,39.24,66,100,4.97
373,Vung Tau,VN,2021-09-21 16:11:29,10.346,107.0843,80.78,81,43,9.89
374,Marana,US,2021-09-21 16:14:15,32.4367,-111.2254,89.82,40,0,0.65
375,San Policarpo,PH,2021-09-21 16:15:29,12.1791,125.5072,82.11,80,83,8.39
376,Khislavichi,RU,2021-09-21 16:15:30,54.1871,32.1582,43.52,97,100,9.95
377,Nerchinskiy Zavod,RU,2021-09-21 16:15:30,51.3088,119.61,46.2,84,85,1.23
378,Brunico,IT,2021-09-21 16:15:30,46.7958,11.9364,62.94,58,5,4.32
379,Araouane,ML,2021-09-21 16:15:30,18.9048,-3.5265,106.52,11,4,4.79
380,Grand Forks,US,2021-09-21 16:15:31,47.9417,-97.4337,60.48,39,6,10.96
381,Santa Maria,BR,2021-09-21 16:15:31,-29.6842,-53.8069,64.53,61,100,11.14
382,Batemans Bay,AU,2021-09-21 16:15:31,-35.7167,150.1833,44.91,68,57,5.14
383,Bayanday,RU,2021-09-21 16:15:32,53.0661,105.5139,37.22,80,78,3.0
384,Mahon,ES,2021-09-21 16:15:32,39.8885,4.2658,70.36,78,75,13.8
385,Yulara,AU,2021-09-21 16:15:32,-25.2406,130.9889,53.44,30,86,8.05
386,Port Hawkesbury,CA,2021-09-21 16:15:33,45.6169,-61.3485,71.73,62,1,3.0
387,Okhotsk,RU,2021-09-21 16:15:33,59.3833,143.3,45.54,62,90,6.49
388,Nabire,ID,2021-09-21 16:15:33,-3.3667,135.4833,75.63,90,100,2.84
389,Tripoli,LY,2021-09-21 16:15:34,32.8752,13.1875,86.9,53,26,11.56
390,Joshimath,IN,2021-09-21 16:15:34,30.5667,79.5667,67.44,91,80,0.85
391,Pringsewu,ID,2021-09-21 16:15:34,-5.3582,104.9744,74.26,93,21,2.42
392,Brainerd,US,2021-09-21 16:15:35,46.358,-94.2008,60.24,52,4,12.44
393,San Patricio,US,2021-09-21 16:15:35,28.017,-97.5169,93.29,55,0,7.58
394,Tilichiki,RU,2021-09-21 16:15:35,60.4667,166.1,44.89,88,100,5.55
395,Petropavlovsk-Kamchatskiy,RU,2021-09-21 16:15:36,53.0452,158.6483,41.59,75,0,6.71
396,Lewistown,US,2021-09-21 16:15:36,40.5992,-77.5714,71.26,85,100,4.23
397,Champerico,GT,2021-09-21 16:15:36,14.3,-91.9167,94.77,76,98,3.31
398,Amatitan,MX,2021-09-21 16:15:37,20.8333,-103.7167,77.32,79,75,1.52
399,Saint-Francois,FR,2021-09-21 16:15:37,46.4154,3.9054,66.42,73,0,5.75
400,Corat,AZ,2021-09-21 16:15:37,40.5725,49.7064,73.49,66,1,5.21
401,Mocoa,CO,2021-09-21 16:15:38,1.1493,-76.6466,71.67,97,100,0.49
402,Yaan,NG,2021-09-21 16:15:38,7.3833,8.5667,72.9,91,100,7.43
403,Boyolangu,ID,2021-09-21 16:15:38,-8.1181,111.8935,74.88,88,99,2.08
404,Warrington,GB,2021-09-21 16:15:39,53.3925,-2.5802,68.02,71,100,1.99
405,Praia Da Vitoria,PT,2021-09-21 16:15:39,38.7333,-27.0667,77.25,69,20,10.16
406,Coquimbo,CL,2021-09-21 16:15:39,-29.9533,-71.3436,58.73,67,90,9.22
407,Mahibadhoo,MV,2021-09-21 16:15:40,3.7833,72.9667,83.26,76,10,14.65
408,Chernyanka,RU,2021-09-21 16:15:40,50.9409,37.8069,48.24,86,95,5.57
409,Maragogi,BR,2021-09-21 16:15:40,-9.0122,-35.2225,80.92,60,21,7.4
410,San Jose,US,2021-09-21 16:14:50,37.3394,-121.895,79.92,50,0,1.1
411,Saint George,US,2021-09-21 16:13:30,37.1041,-113.5841,71.8,22,0,1.01
412,Llanes,ES,2021-09-21 16:15:41,43.4198,-4.7549,65.37,72,35,5.23
413,San Andres Del Rabanedo,ES,2021-09-21 16:15:41,42.6117,-5.6167,65.12,45,75,10.36
414,Kingsville,US,2021-09-21 16:15:42,27.5159,-97.8561,93.29,68,0,4.0
415,Ilulissat,GL,2021-09-21 16:11:34,69.2167,-51.1,27.59,86,97,1.39
416,Basco,PH,2021-09-21 16:15:42,20.4487,121.9702,83.91,79,17,14.03
417,Mangai,CD,2021-09-21 16:15:43,-4.05,19.5333,92.3,30,52,0.13
418,Graaff-Reinet,ZA,2021-09-21 16:15:43,-32.2522,24.5308,59.92,36,96,10.02
419,Rawson,AR,2021-09-21 16:15:43,-43.3002,-65.1023,69.46,22,0,16.89
420,Dickinson,US,2021-09-21 16:15:44,29.4608,-95.0513,90.23,75,3,3.0
421,Sassandra,CI,2021-09-21 16:15:44,4.95,-6.0833,79.93,83,59,10.36
422,Huancavelica,PE,2021-09-21 16:15:44,-12.7667,-74.9833,48.67,50,36,9.15
423,Port Augusta,AU,2021-09-21 16:15:45,-32.5,137.7667,51.94,88,8,6.33
424,Kavieng,PG,2021-09-21 16:15:45,-2.5744,150.7967,81.45,76,100,9.55
425,Masaki,JP,2021-09-21 16:15:45,33.7876,132.7112,73.83,88,34,3.11
426,Pozo Colorado,PY,2021-09-21 16:15:46,-23.4923,-58.7972,84.83,40,83,9.28
427,Olga,RU,2021-09-21 16:15:46,43.7444,135.2892,57.38,99,100,9.13
428,East London,ZA,2021-09-21 16:15:46,-33.0153,27.9116,59.94,77,0,8.05
429,Henties Bay,NA,2021-09-21 16:15:47,-22.116,14.2845,53.85,71,3,7.61
430,Half Moon Bay,US,2021-09-21 16:15:47,37.4636,-122.4286,80.53,57,0,3.44
431,Never,FR,2021-09-21 16:15:47,46.9896,3.159,68.65,77,65,9.66
432,Poum,NC,2021-09-21 16:15:48,-20.2333,164.0167,73.83,70,98,8.48
433,Santa Cruz De La Palma,ES,2021-09-21 16:15:48,28.6835,-17.7642,77.14,69,75,13.8
434,Sioux Lookout,CA,2021-09-21 16:15:48,50.1001,-91.917,53.98,76,75,2.3
435,Kota Tinggi,MY,2021-09-21 16:15:49,1.7381,103.8999,82.44,92,82,2.46
436,Moerai,PF,2021-09-21 16:15:49,-22.4333,-151.3333,74.84,81,0,12.21
437,Taoudenni,ML,2021-09-21 16:15:49,22.6783,-3.9836,111.16,6,0,2.17
438,George Town,MY,2021-09-21 16:15:10,5.4112,100.3354,80.89,84,98,5.64
439,Guarapuava,BR,2021-09-21 16:15:50,-25.3953,-51.4581,87.48,25,16,7.14
440,North Bend,US,2021-09-21 16:15:50,43.4065,-124.2243,63.91,73,11,3.53
441,Businga,CD,2021-09-21 16:15:52,3.3333,20.8833,80.44,71,83,4.79
442,Isla Mujeres,MX,2021-09-21 16:15:52,21.2311,-86.731,84.94,70,52,8.52
443,Auray,FR,2021-09-21 16:15:52,47.6703,-2.9918,70.88,57,26,12.77
444,Forfar,GB,2021-09-21 16:15:52,56.6431,-2.8903,65.35,67,98,14.76
445,Hofn,IS,2021-09-21 16:15:53,64.2539,-15.2082,48.09,85,100,55.7
446,Ossora,RU,2021-09-21 16:15:53,59.2353,163.0719,48.94,91,100,15.95
447,Umea,SE,2021-09-21 16:15:54,63.8284,20.2597,45.91,88,98,7.9
448,Awbari,LY,2021-09-21 16:15:54,26.5921,12.7805,96.75,10,0,14.32
449,Asyut,EG,2021-09-21 16:15:54,27.181,31.1837,97.14,13,0,15.64
450,Biak,ID,2021-09-21 16:15:54,-0.9131,122.8766,71.51,86,100,5.82
451,Vila Franca Do Campo,PT,2021-09-21 16:15:55,37.7167,-25.4333,73.81,62,26,8.43
452,Yurga,RU,2021-09-21 16:15:55,55.7231,84.8861,34.38,95,100,7.47
453,Itupiranga,BR,2021-09-21 16:15:55,-5.1347,-49.3267,91.72,29,48,0.89
454,Pachino,IT,2021-09-21 16:15:56,36.7186,15.0907,84.6,74,100,8.16
455,Lagos De Moreno,MX,2021-09-21 16:15:56,21.35,-101.9167,69.48,65,63,2.64
456,Sorong,ID,2021-09-21 16:15:56,-0.8833,131.25,77.88,89,100,6.89
457,Surt,LY,2021-09-21 16:15:57,31.2089,16.5887,87.37,50,0,12.97
458,Buala,SB,2021-09-21 16:15:57,-8.145,159.5921,79.07,84,72,5.53
459,Venado,MX,2021-09-21 16:15:58,22.9333,-101.0833,71.4,60,98,3.11
460,Sao Joao Da Barra,BR,2021-09-21 16:15:58,-21.6403,-41.0511,83.55,58,0,7.96
461,Baoding,CN,2021-09-21 16:11:11,38.8511,115.4903,63.32,80,1,5.14
462,Novooleksiyivka,UA,2021-09-21 16:15:59,46.2269,34.6428,54.34,55,27,16.49
463,Lata,PT,2021-09-21 16:15:59,40.1629,-8.3327,83.07,22,0,9.42
464,Axim,GH,2021-09-21 16:15:59,4.8699,-2.2405,79.97,78,36,10.13
465,Bandar,ID,2021-09-21 16:15:59,2.05,99.75,72.81,94,52,2.95
466,Bartica,GY,2021-09-21 16:16:00,6.4,-58.6167,89.92,89,73,4.05
467,Markova,UA,2021-09-21 16:16:00,48.6758,24.4138,49.59,72,54,6.51
468,Liverpool,GB,2021-09-21 16:16:01,53.4106,-2.9779,68.79,73,100,6.42
469,Koroni,GR,2021-09-21 16:16:01,36.8,21.95,85.06,57,29,12.12
470,Port Lincoln,AU,2021-09-21 16:16:02,-34.7333,135.8667,52.52,83,95,7.25
471,Tomakomai,JP,2021-09-21 16:16:02,42.6369,141.6033,68.14,88,75,13.8
472,Vanavara,RU,2021-09-21 16:16:02,60.34,102.2797,35.91,87,72,5.03
473,Komsomolskiy,UZ,2021-09-21 16:16:03,40.4272,71.7189,70.52,32,0,0.0
474,Faya,SA,2021-09-21 16:16:03,18.3851,42.4509,71.71,43,87,3.6
475,Sabha,LY,2021-09-21 16:16:03,27.0377,14.4283,96.91,10,0,12.24
476,Svetlogorsk,BY,2021-09-21 16:16:04,52.6333,29.7333,39.15,97,100,11.86
477,Samarai,PG,2021-09-21 16:16:04,-10.6167,150.6667,78.01,86,100,13.4
478,Ewa Beach,US,2021-09-21 16:16:05,21.3156,-158.0072,77.09,80,100,17.05
479,Klaksvik,FO,2021-09-21 16:16:05,62.2266,-6.589,54.68,92,100,40.26
480,Antofagasta,CL,2021-09-21 16:16:05,-23.65,-70.4,60.08,66,97,8.93
481,Stretford,GB,2021-09-21 16:16:06,53.45,-2.3167,68.68,68,100,3.0
482,Koflach,AT,2021-09-21 16:16:06,47.0667,15.0833,57.96,72,74,2.19
483,Ballitoville,ZA,2021-09-21 16:16:06,-29.539,31.2144,64.54,59,40,11.5
484,Guaruja,BR,2021-09-21 16:16:07,-23.9931,-46.2564,92.46,94,90,8.05
485,Takestan,IR,2021-09-21 16:16:07,36.0696,49.6959,69.93,51,0,9.91
486,Yerbogachen,RU,2021-09-21 16:16:08,61.2767,108.0108,39.27,83,100,5.88
487,Yoichi,JP,2021-09-21 16:16:08,43.2039,140.7703,65.21,83,100,8.19
488,Bukachacha,RU,2021-09-21 16:16:09,52.9833,116.9167,48.38,88,100,3.04
489,Jinchang,CN,2021-09-21 16:16:09,38.4953,102.1739,70.99,22,100,5.14
490,Alofi,NU,2021-09-21 16:15:17,-19.0595,-169.9187,75.47,77,19,12.59
491,Nioro,GM,2021-09-21 16:16:09,13.35,-15.75,91.62,58,99,6.06
492,Saint-Louis,SN,2021-09-21 16:16:10,16.3333,-15.0,105.31,16,8,9.93
493,The Valley,AI,2021-09-21 16:16:10,18.217,-63.0578,88.11,66,20,13.8
494,Akdepe,TM,2021-09-21 16:16:11,42.0551,59.3788,69.89,13,85,12.66
495,Nemuro,JP,2021-09-21 16:16:11,43.3236,145.575,60.78,94,46,16.91
496,Valley City,US,2021-09-21 16:11:57,46.9233,-98.0032,59.07,41,4,12.3
497,Camalu,MX,2021-09-21 16:16:11,30.85,-116.0667,83.43,55,0,4.72
498,Bubaque,GW,2021-09-21 16:16:12,11.2833,-15.8333,81.75,76,36,6.13
499,Rabat,MA,2021-09-21 16:16:12,33.9911,-6.8401,80.01,79,75,8.05
500,Raudeberg,NO,2021-09-21 16:16:12,61.9875,5.1352,52.2,92,100,8.99
501,Vetapalem,IN,2021-09-21 16:16:13,15.7833,80.3167,84.51,71,100,6.11
502,Gold Coast,AU,2021-09-21 16:16:13,-28.0,153.4333,57.0,50,34,10.0
503,Paracuru,BR,2021-09-21 16:16:13,-3.41,-39.0306,87.28,51,63,16.35
504,Mabaruma,GY,2021-09-21 16:16:14,8.2,-59.7833,88.61,58,63,5.59
505,Maraba,BR,2021-09-21 16:16:14,-5.3686,-49.1178,91.58,55,40,6.91
506,Marawi,PH,2021-09-21 16:16:14,7.9986,124.2928,65.64,91,100,3.31
507,Altyn-Topkan,TJ,2021-09-21 16:16:15,40.6528,69.5998,55.87,27,0,1.92
508,Saint-Augustin,CA,2021-09-21 16:16:16,51.226,-58.6502,70.38,50,30,16.84
509,Sao Gabriel Da Cachoeira,BR,2021-09-21 16:16:16,-0.1303,-67.0892,85.8,70,20,2.3
510,Chauk,MM,2021-09-21 16:16:16,20.8833,94.8167,78.33,87,96,3.51
511,Hoquiam,US,2021-09-21 16:16:17,46.9809,-123.8893,61.05,56,0,4.0
512,Kalengwa,ZM,2021-09-21 16:16:17,-13.4659,25.0027,89.08,7,0,9.75
513,Guerrero Negro,MX,2021-09-21 16:16:17,27.9769,-114.0611,77.77,53,5,4.61
514,Santarem,BR,2021-09-21 16:16:18,-2.4431,-54.7083,90.84,48,100,5.3
515,Tiarei,PF,2021-09-21 16:16:18,-17.5333,-149.3333,71.62,76,3,9.15
516,Nichinan,JP,2021-09-21 16:16:19,31.6,131.3667,75.16,92,13,3.47
517,Danielskuil,ZA,2021-09-21 16:16:19,-28.1887,23.5395,65.41,7,0,10.47
518,Asandh,IN,2021-09-21 16:16:19,29.5167,76.6,82.94,71,47,5.73
519,Salalah,OM,2021-09-21 16:16:20,17.0151,54.0924,80.69,83,75,6.91
520,Egvekinot,RU,2021-09-21 16:16:20,66.3167,-179.1667,18.36,76,11,5.75
521,Naze,JP,2021-09-21 16:16:20,28.3667,129.4833,76.05,76,0,3.98
522,Luziania,BR,2021-09-21 16:16:21,-16.2525,-47.9503,97.99,15,11,4.7
523,Tokur,RU,2021-09-21 16:16:21,53.1333,132.9,35.02,92,11,4.47
524,Tabory,RU,2021-09-21 16:16:21,58.5198,64.5495,36.32,86,76,5.21
525,Kahului,US,2021-09-21 16:13:20,20.8947,-156.47,72.97,97,93,12.37
526,Raglan,NZ,2021-09-21 16:16:22,-37.8,174.8833,53.08,93,100,6.87
527,Kungurtug,RU,2021-09-21 16:16:22,50.5994,97.5228,35.01,75,14,1.74
528,Yuryuzan,RU,2021-09-21 16:16:22,54.8633,58.4219,37.71,74,100,1.3
529,Urubicha,BO,2021-09-21 16:16:23,-15.3833,-62.95,88.57,35,100,2.93
530,Reading,GB,2021-09-21 16:16:23,51.4562,-0.9711,71.73,60,99,1.01
531,Muisne,EC,2021-09-21 16:16:23,0.6,-80.0333,84.31,80,98,9.22
532,Bonoua,CI,2021-09-21 16:16:24,5.2741,-3.595,80.22,73,70,8.84
533,Zabaykalsk,RU,2021-09-21 16:16:24,49.6333,117.3167,48.22,73,14,3.58
534,Isiro,CD,2021-09-21 16:16:24,2.7739,27.616,70.75,88,99,1.05
535,Novobirilyussy,RU,2021-09-21 16:16:25,56.9514,90.6661,35.83,98,100,9.1
536,Koulikoro,ML,2021-09-21 16:16:25,14.0,-7.75,95.11,36,71,5.99
537,Faanui,PF,2021-09-21 16:16:25,-16.4833,-151.75,78.08,73,6,8.99
538,San Cristobal,VE,2021-09-21 16:16:26,7.7669,-72.225,73.58,56,96,7.45
539,Bilma,NE,2021-09-21 16:16:26,18.6853,12.9164,100.87,8,3,5.26
540,Sakhnovshchyna,UA,2021-09-21 16:16:27,49.1517,35.872,47.79,79,100,6.58
541,Rio Gallegos,AR,2021-09-21 16:11:38,-51.6226,-69.2181,69.85,35,40,9.22
542,Florestopolis,BR,2021-09-21 16:16:27,-22.8633,-51.3872,100.81,14,8,6.24
543,Thompson,CA,2021-09-21 16:15:51,55.7435,-97.8558,41.16,75,75,2.3
544,Padang,ID,2021-09-21 16:16:27,-0.9492,100.3543,77.85,86,98,4.25
545,Umm Lajj,SA,2021-09-21 16:16:28,25.0213,37.2685,86.59,67,9,6.69
546,Thunder Bay,CA,2021-09-21 16:13:42,48.4001,-89.3168,60.57,77,53,5.01
547,Rincon,US,2021-09-21 16:16:29,32.296,-81.2354,81.86,91,95,8.68
548,Meadow Lake,US,2021-09-21 16:16:29,34.8014,-106.5436,67.84,31,0,10.11
549,Misrikh,IN,2021-09-21 16:16:29,27.45,80.5167,82.53,77,80,6.55
550,Diamantino,BR,2021-09-21 16:16:30,-14.4086,-56.4461,107.74,9,41,3.89
551,Taree,AU,2021-09-21 16:16:30,-31.9,152.4667,49.93,76,39,9.22
552,Nueva Guinea,NI,2021-09-21 16:16:30,11.6876,-84.4562,80.02,83,100,7.54
553,Trairi,BR,2021-09-21 16:14:07,-3.2778,-39.2689,88.18,49,59,16.13
554,Inhambane,MZ,2021-09-21 16:16:31,-23.865,35.3833,73.38,64,75,16.11
555,Imbituba,BR,2021-09-21 16:16:31,-28.24,-48.6703,64.15,75,100,21.0
556,Marsa Matruh,EG,2021-09-21 16:16:32,31.3525,27.2453,80.82,71,0,10.83
557,La Rioja,ES,2021-09-21 16:16:32,42.25,-2.5,60.58,79,100,3.13
558,Kontagora,NG,2021-09-21 16:16:32,10.3999,5.4695,81.73,78,88,5.64
559,Korla,CN,2021-09-21 16:16:33,41.7597,86.1469,74.41,27,1,14.2
560,Ostrovnoy,RU,2021-09-21 16:16:33,68.0531,39.5131,39.51,78,16,7.78
561,Khandyga,RU,2021-09-21 16:16:34,62.6667,135.6,32.74,93,10,0.72
562,Evanston,US,2021-09-21 16:16:35,42.0411,-87.6901,66.52,79,90,1.01
563,Tigil,RU,2021-09-21 16:16:35,57.8,158.6667,44.51,93,100,4.83
564,Takoradi,GH,2021-09-21 16:16:36,4.8845,-1.7554,80.31,80,53,12.03
565,Shache,CN,2021-09-21 16:16:36,38.4167,77.2406,75.56,14,0,3.18
566,Moose Factory,CA,2021-09-21 16:16:36,51.2585,-80.6094,50.0,93,90,13.8
567,Biltine,TD,2021-09-21 16:16:37,14.5333,20.9167,96.76,22,99,3.09
568,Arvika,SE,2021-09-21 16:16:37,59.6553,12.5852,52.97,93,100,1.97
569,Tori,EE,2021-09-21 16:16:37,58.4825,24.8152,46.45,94,100,3.27
570,Olavarria,AR,2021-09-21 16:16:38,-36.8927,-60.3225,59.22,40,0,7.09
571,Najran,SA,2021-09-21 16:16:38,17.4924,44.1277,86.65,26,41,15.19
572,La Paz,BO,2021-09-21 16:16:39,-16.5,-68.15,58.98,28,75,5.75
573,Fort Worth,US,2021-09-21 16:13:05,32.7254,-97.3208,80.35,61,78,5.01
